Institution,Program,Contact Email
Amherst College,A2A,admission@amherst.edu
Amherst College,EONS,admission@amherst.edu
Babson College,Access Babson,ugradadmission@babson.edu
Barnard College,Barnard Bound,admissions@barnard.edu
Bates College,Prologue to Bates,admission@bates.edu
Bowdoin College,Explore Bowdoin,admissions@bowdoin.edu
Brandeis University,SEED,admissions@brandeis.edu
Bryn Mawr College,Lantern Scholars,admissions@brynmawr.edu
Bucknell University,Journey to Bucknell,admissions@bucknell.edu
California Institute of Technology,CalTech Up Close,ugadmissions@caltech.edu
California Institute of Technology,Summer Preview: Women in STEM,ugadmissions@caltech.edu
Carleton College,TOC,admissions@carleton.edu
Carnegie Mellon University,Celebration of Diversity,admission@andrew.cmu.edu
Case Western Reserve University,Diversity Overnight,admission@case.edu
Claremont McKenna College,Fall Preview,admission@cmc.edu
Colgate University,Colgate in Focus,admission@colgate.edu
College of the Atlantic,Fall Fly-In,inquiry@coa.edu
College of the Holy Cross,Perspectives,admissions@holycross.edu
Colorado College,ECC,admission@coloradocollege.edu
Columbia University,CE^2,ugrad-epc@columbia.edu
Columbia University,STARS,ugrad-epc@columbia.edu
Connecticut College,Explore,admission@conncoll.edu
Dartmouth College,Dartmouth Bound,admissions.reply@dartmouth.edu
Dartmouth College,Indigenous Fly-In Program,admissions.reply@dartmouth.edu
Davidson College,Access Davidson,admission@davidson.edu
Denison University,Dialogue,admissions@denison.edu
Dickinson College,You Belong,admissions@dickinson.edu
Emory University,LEADs,admission@emory.edu
Franklin & Marshall College,Collegiate Leadership Summit,admission@fandm.edu
George Washington University,YourGW,gwadm@gwu.edu
Grinnell College,Discover / Diversity Preview,admission@grinnell.edu
Hamilton College,Home at Hamilton,admission@hamilton.edu
Harvey Mudd College,FAST,admission@hmc.edu
Harvey Mudd College,WISTEM,admission@hmc.edu
Haverford College,HAVE-A-LOOK,admission@haverford.edu
Johns Hopkins University,,gotojhu@jhu.edu
Lafayette College,OBC,admissions@lafayette.edu
Lehigh University,DAP,admissions@lehigh.edu
Macalester College,Multicultural Visit Program,admissions@macalester.edu
Massachusetts Institute of Technology,WISE,admissions@mit.edu
Miami University,Bridges,admission@miamioh.edu
Middlebury College,Discover Middlebury,admissions@middlebury.edu
Mount Holyoke College,Mosaic,admission@mtholyoke.edu
Northeastern University,Fall Fly-In,admissions@northeastern.edu
Oberlin College,Overnight Program,college.admissions@oberlin.edu
Occidental College,TAP,admission@oxy.edu
Olin College,Mix & Mingle Fly-In,info@olin.edu
Pitzer College,Preview Pitzer,admission@pitzer.edu
Pomona College,POP,admissions@pomona.edu
Providence College,Pathways to PC,admission@providence.edu
Reed College,Junior Scholars,admission@reed.edu
Rensselaer Polytechnic Institute,STAR,admissions@rpi.edu
Rice University,SOAR,admission@rice.edu
Scripps College,Discover Scripps,admission@scrippscollege.edu
Smith College,Women of Distinction,admission@smith.edu
St. Olaf College,Fall Fly-In,admissions@stolaf.edu
Swarthmore College,Discover Swarthmore,admissions@swarthmore.edu
Trinity College,Bantum Bound,admissions.office@trincoll.edu
Tufts University,Voices,undergraduate.admissions@tufts.edu
Tulane University,PreviewTU,undergrad.admission@tulane.edu
Union College,Getting to Know Union,admissions@union.edu
University of Denver,Pioneer Prep,admission@du.edu
University of Michigan, Ross,All-Access,rossadmissions@umich.edu
University of Pennsylvania,PEEP,info@admissions.upenn.edu
University of Pennsylvania,PIF,info@admissions.upenn.edu
University of Richmond,Access Richmond,admissions@richmond.edu
University of Rochester,MVP,admit@admissions.rochester.edu
University of Vermont,Discovering UVM,admissions@uvm.edu
University of Virginia,HOOS First Look,undergradadmission@virginia.edu
Vassar College,View,admissions@vassar.edu
Washington & Lee University,DIVE,admissions@wlu.edu
Washington University in St. Louis,Preview Days,admissions@wustl.edu
Wellesley College,Discover Wellesley,admission@wellesley.edu
Wellesley College,VOICE,admission@wellesley.edu
Wesleyan College,WesExplore,admission@wesleyan.edu
Whitman College,Visit Scholarship Program,admission@whitman.edu
Williams College,WOW,admission@williams.edu
Yale University,Yale in Motion,student.questions@yale.edu
